City_ID,City,Lat,Lng,Max Temp,Humidity,Cloudiness,Wind Speed,Country,Date
0,blackmans bay,-43.0167,147.3167,13.74,55,100,1.79,AU,1723101330
1,mogok,22.9167,96.5,21.24,90,75,2.57,MM,1723101331
2,cockburn town,21.4612,-71.1419,27.67,87,79,8.37,TC,1723101332
3,touros,-5.1989,-35.4608,22.56,84,7,4.91,BR,1723100737
4,rosarito,32.3333,-117.0333,20.53,84,17,1.25,MX,1723101255
5,slave lake,55.2834,-114.769,12.99,88,0,2.57,CA,1723101336
6,uray,60.1247,64.7758,15.5,50,100,3.26,RU,1723101337
7,bilibino,68.0546,166.4372,12.91,43,100,5.93,RU,1723101338
8,invercargill,-46.4,168.35,7.23,91,60,0.45,NZ,1723101339
9,sumberpucung,-8.1586,112.4829,29.79,54,77,4.61,ID,1723101340
10,tiksi,71.6872,128.8694,7.67,93,100,1.92,RU,1723101342
11,stanley,54.868,-1.6985,15.44,81,0,2.06,GB,1723101343
12,hawaiian paradise park,19.5933,-154.9731,24.29,87,51,0.45,US,1723101344
13,weno,7.4515,151.8468,31.97,70,40,3.09,FM,1723101345
14,chibougamau,49.9168,-74.3659,9.92,87,100,1.23,CA,1723101059
15,east london,-33.0153,27.9116,18.52,39,0,1.03,ZA,1723101347
16,ust-nera,64.5667,143.2,14.03,77,90,1.38,RU,1723101349
17,wailua homesteads,22.0669,-159.378,24.44,86,20,5.14,US,1723101350
18,makokou,0.5738,12.8642,22.41,76,53,2.45,GA,1723101351
19,delmas,18.5447,-72.3028,25.68,84,100,1.03,HT,1723101352
20,adamstown,-25.066,-130.1015,19.84,70,100,5.85,PN,1723101353
21,grytviken,-54.2811,-36.5092,-10.51,67,25,2.72,GS,1723101354
22,port-aux-francais,-49.35,70.2167,0.09,90,100,10.39,TF,1723101357
23,punta arenas,-53.15,-70.9167,2.06,80,100,3.6,CL,1723101113
24,cabo san lucas,22.8909,-109.9124,28.75,70,100,3.13,MX,1723101166
25,laojunmiao,39.8333,97.7333,13.99,82,100,5.77,CN,1723101360
26,talovskiy,51.1144,40.73,24.37,50,97,4.53,RU,1723101361
27,poronaysk,49.2167,143.1167,16.31,98,100,2.01,RU,1723101362
28,bethel,41.3712,-73.414,18.2,90,100,1.33,US,1723101364
29,iqaluit,63.7506,-68.5145,5.85,81,75,2.06,CA,1723101365
30,edinburgh of the seven seas,-37.0676,-12.3116,9.73,58,100,10.12,SH,1723101366
31,vilyuchinsk,52.9306,158.4028,23.15,79,93,5.01,RU,1723101367
32,coquimbo,-29.9533,-71.3436,10.85,77,40,2.06,CL,1723101368
33,waitangi,-43.9535,-176.5597,10.46,72,27,7.82,NZ,1723101369
34,grand forks,47.9417,-97.4337,10.96,80,0,3.09,US,1723101224
35,saint-joseph,-21.3667,55.6167,25.21,67,1,3.53,RE,1723100832
36,urengoy,65.9667,78.3667,16.33,48,70,6.19,RU,1723101373
37,port douglas,-16.4833,145.4667,22.64,77,12,4.7,AU,1723101374
38,kavaratti,10.5669,72.642,27.06,81,100,5.64,IN,1723101375
39,moree,-29.4667,149.85,17.11,63,18,1.2,AU,1723101376
40,meadow lakes,61.6247,-149.6011,14.99,96,100,0.0,US,1723101377
41,sitka,57.0531,-135.33,14.94,82,20,0.0,US,1723101378
42,west island,-12.1568,96.8225,28.99,70,75,6.69,CC,1723101380
43,gargalianoi,37.0667,21.6333,28.53,50,0,1.39,GR,1723101381
44,usinsk,65.9939,57.5281,18.4,43,5,2.73,RU,1723101382
45,mpulungu,-8.7623,31.1141,26.97,35,16,2.25,ZM,1723101383
46,st. john's,47.5649,-52.7093,15.44,92,75,5.14,CA,1723101235
47,olonkinbyen,70.9221,-8.7187,5.3,100,100,3.18,SJ,1723101385
48,badger,64.8,-147.5333,19.99,69,99,1.65,US,1723101386
49,pisco,-13.7,-76.2167,16.12,82,100,3.6,PE,1723101387
50,hermanus,-34.4187,19.2345,11.56,81,1,3.49,ZA,1723101389
51,swakopmund,-22.6833,14.5333,11.66,88,0,1.75,NA,1723101390
52,saipan,15.1355,145.701,30.39,74,40,3.6,MP,1723101149
53,holualoa,19.6228,-155.9522,24.93,77,0,9.77,US,1723101392
54,ypsonas,34.6884,32.9574,28.54,70,20,3.6,CY,1723101393
55,douz,33.4663,9.0203,28.79,48,0,4.84,TN,1723101394
56,hamilton,39.1834,-84.5333,21.08,89,0,2.06,US,1723101071
57,college,64.8569,-147.8028,20.04,72,100,0.89,US,1723101397
58,ubari,26.5921,12.7805,34.44,10,0,6.92,LY,1723101399
59,inhambane,-23.865,35.3833,23.99,83,20,1.03,MZ,1723101400
60,thompson,55.7435,-97.8558,8.09,87,40,2.06,CA,1723101401
61,antofagasta,-23.65,-70.4,12.6,65,0,3.54,CL,1723101076
62,kushiro,42.975,144.3747,22.53,100,75,3.6,JP,1723101403
63,nabire,-3.3667,135.4833,29.6,66,100,0.99,ID,1723101405
64,mount isa,-20.7333,139.5,27.87,18,0,3.09,AU,1723101406
65,bang yai,13.8434,100.3625,36.69,47,38,2.51,TH,1723101407
66,bikenibeu village,1.3673,173.1241,28.98,74,75,1.54,KI,1723101408
67,ancud,-41.8697,-73.8203,3.77,89,100,1.42,CL,1723101409
68,dwarka,22.2394,68.9678,28.86,79,100,8.62,IN,1723101411
69,hirara,24.8,125.2833,29.66,77,100,1.39,JP,1723100812
70,aligudarz,33.4006,49.6949,35.28,14,1,3.4,IR,1723101413
71,merizo village,13.2658,144.6691,28.31,91,100,1.66,GU,1723101414
72,bredasdorp,-34.5322,20.0403,10.64,86,0,2.47,ZA,1723101415
73,luderitz,-26.6481,15.1594,11.27,78,0,3.34,NA,1723101416
74,klyuchi,52.2667,79.1667,27.12,50,100,3.26,RU,1723101418
75,nova sintra,14.8667,-24.7167,24.95,84,69,8.38,CV,1723101419
76,ar ruways,24.1103,52.7306,38.37,31,69,2.7,AE,1723101420
77,busselton,-33.65,115.3333,16.67,73,93,5.86,AU,1723101421
78,severo-yeniseyskiy,60.3725,93.0408,19.0,64,100,1.84,RU,1723100855
79,canatlan,24.5167,-104.7833,18.7,55,99,1.83,MX,1723101423
80,whitehorse,60.7161,-135.0538,20.43,45,0,4.63,CA,1723101424
81,yellowknife,62.456,-114.3525,16.29,55,20,3.6,CA,1723101425
82,margaret river,-33.95,115.0667,15.87,64,98,6.46,AU,1723101427
83,singaparna,-7.3515,108.111,23.85,88,100,1.63,ID,1723101428
84,mirnyy,62.5353,113.9611,26.66,31,6,3.23,RU,1723101429
85,ushuaia,-54.8,-68.3,0.81,86,100,1.03,AR,1723101304
86,la passe,45.5549,-0.8967,19.67,67,7,3.02,FR,1723101431
87,ilulissat,69.2167,-51.1,5.01,100,100,2.06,GL,1723101434
88,nsanje,-16.92,35.262,25.44,50,1,1.68,MW,1723101435
89,labrador city,52.9463,-66.9114,8.99,87,75,5.36,CA,1723101436
90,flekkefjord,58.2971,6.6607,17.19,84,100,2.22,NO,1723101438
91,vadso,70.0744,29.7487,20.49,59,0,2.06,NO,1723101439
92,terrace,54.5163,-128.6035,20.95,64,0,2.57,CA,1723101440
93,kruisfontein,-34.0033,24.7314,13.55,64,0,1.61,ZA,1723101441
94,vorgashor,67.5833,63.95,15.75,46,7,2.23,RU,1723101442
95,minas de marcona,-15.2119,-75.1103,9.6,92,93,6.47,PE,1723101443
96,saldanha,-33.0117,17.9442,12.03,92,100,8.73,ZA,1723101444
97,corner brook,48.9667,-57.9484,15.09,95,6,2.36,CA,1723101440
98,road town,18.4167,-64.6167,26.05,71,0,6.83,VG,1723101447
99,llorente,11.4119,125.5458,31.27,66,98,3.56,PH,1723101448
100,daru,-9.0763,143.2092,25.2,85,58,6.54,PG,1723101154
101,isafjordur,66.0755,-23.124,8.02,81,100,5.14,IS,1723101450
102,seymour,38.9592,-85.8903,20.42,93,23,2.97,US,1723101451
103,abalak,58.1286,68.5944,17.67,45,5,3.43,RU,1723101452
104,newman,37.3138,-121.0208,26.68,60,0,2.69,US,1723101453
105,melilla,35.2937,-2.9383,27.21,78,40,0.51,ES,1723101455
106,puerto natales,-51.7236,-72.4875,1.44,87,100,1.05,CL,1723101457
107,camana,-16.6228,-72.7111,14.7,89,100,4.59,PE,1723101458
108,sinjai,-5.1241,120.253,27.45,75,23,5.35,ID,1723101459
109,kayangel,8.0823,134.7173,29.06,72,100,3.49,PW,1723101460
110,los andes,-32.8337,-70.5983,3.14,49,0,2.21,CL,1723100941
111,port lincoln,-34.7333,135.8667,14.71,64,1,6.24,AU,1723101463
112,san antonio de pale,-1.4014,5.6325,22.81,76,100,3.76,GQ,1723101464
113,ribeira brava,32.65,-17.0667,23.35,72,25,1.35,PT,1723101465
114,hithadhoo,-0.6,73.0833,27.44,78,100,5.2,MV,1723101466
115,anadyr,64.75,177.4833,8.28,81,75,4.0,RU,1723101467
116,mount gambier,-37.8333,140.7667,9.15,97,100,4.25,AU,1723101469
117,monahans,31.5943,-102.8926,30.4,32,0,2.23,US,1723101470
118,mil'kovo,55.6078,37.7956,20.19,65,90,3.07,RU,1723101471
119,south hedland,-20.4089,118.5983,29.96,15,92,5.14,AU,1723101343
120,port saint john's,-31.6229,29.5448,23.05,24,0,2.86,ZA,1723101329
121,port augusta,-32.5,137.7667,18.43,46,83,3.9,AU,1723101474
122,mao,39.8885,4.2658,26.31,89,20,4.12,ES,1723100921
123,vila velha,-20.3297,-40.2925,21.97,85,0,3.6,BR,1723101478
124,crane,31.3974,-102.3501,31.62,23,0,2.88,US,1723101479
125,port mathurin,-19.6833,63.4167,22.3,75,20,5.92,MU,1723101480
126,san patricio,28.017,-97.5169,29.38,78,0,4.74,US,1723101482
127,eastham,41.8301,-69.9739,17.18,93,99,2.45,US,1723101404
128,atafu village,-8.5421,-172.5159,28.59,72,100,9.27,TK,1723101484
129,lautoka,-17.6167,177.4667,23.92,57,40,3.09,FJ,1723101485
130,sardarshahr,28.4333,74.4833,31.96,63,84,5.89,IN,1723101486
131,altai,46.3722,96.2583,18.71,32,100,2.72,MN,1723101488
132,mananjary,-21.2167,48.3333,23.97,64,14,1.01,MG,1723101489
133,abingdon,51.6711,-1.2828,17.23,87,20,4.63,GB,1723101490
134,rupert,42.6191,-113.6772,21.21,37,0,4.12,US,1723101491
135,sitangkai,4.6628,119.3928,27.98,74,100,2.63,PH,1723101493
136,hovd,48.0056,91.6419,26.22,24,4,4.1,MN,1723101494
137,sinabang,2.4803,96.3801,30.33,62,97,2.63,ID,1723101495
138,kodiak,57.79,-152.4072,12.73,94,100,1.54,US,1723101229
139,kemi,65.8596,24.8228,18.87,55,0,4.12,FI,1723101498
140,papatowai,-46.5619,169.4708,6.54,88,26,3.06,NZ,1723101499
141,trikala,39.5553,21.7675,29.04,39,0,1.52,GR,1723101500
142,colonia,50.9333,6.95,19.34,72,0,3.6,DE,1723101471
143,longyearbyen,78.2186,15.6401,11.91,87,75,1.03,SJ,1723101503
144,kismayo,-0.3582,42.5454,26.62,65,8,6.73,SO,1723101504
145,tanjung selor,2.8372,117.3642,27.97,87,92,0.9,ID,1723101505
146,luganville,-15.5333,167.1667,23.75,72,90,6.1,VU,1723101506
147,port alfred,-33.5906,26.891,18.05,63,0,3.29,ZA,1723101507
148,nemuro,43.3236,145.575,18.46,100,100,3.83,JP,1723101508
149,petropavlovsk-kamchatsky,53.0452,158.6483,22.33,53,0,1.0,RU,1723101510
150,egilsstadir,65.2653,-14.3948,7.95,87,100,2.57,IS,1723101231
151,albany,42.6001,-73.9662,16.53,79,69,1.16,US,1723101314
152,lompoc,34.6391,-120.4579,17.05,93,0,1.54,US,1723101513
153,faya-largeau,17.9257,19.1043,29.55,60,100,3.68,TD,1723101515
154,hadibu,12.65,54.0333,26.86,76,40,10.92,YE,1723101516
155,fort st. john,56.2499,-120.8529,13.94,77,0,3.6,CA,1723101305
156,talnakh,69.4865,88.3972,18.89,42,79,5.79,RU,1723101519
157,muisne,0.6,-80.0333,23.82,88,100,3.91,EC,1723101520
158,keflavik,64.0049,-22.5624,10.24,93,75,4.12,IS,1723101521
159,pundong,-7.9522,110.3486,29.3,62,27,8.46,ID,1723101522
160,vecvarkava,56.1833,26.5167,20.45,64,0,1.05,LV,1723101524
161,isangel,-19.55,169.2667,20.84,72,100,5.83,VU,1723101526
162,el calafate,-50.3408,-72.2768,1.04,54,100,1.11,AR,1723101527
163,port elizabeth,-33.918,25.5701,17.4,89,20,1.54,ZA,1723101528
164,takoradi,4.8845,-1.7554,23.24,88,100,3.98,GH,1723101529
165,magadan,59.5667,150.8,14.47,81,15,2.73,RU,1723101530
166,villa gesell,-37.2639,-56.973,8.92,94,100,10.02,AR,1723101532
167,vorkuta,67.5,64.0,15.89,46,6,2.09,RU,1723101533
168,turkmenbasy,40.0222,52.9552,31.43,45,0,8.23,TM,1723101534
169,caleta de carquin,-11.0925,-77.6267,15.86,88,80,2.93,PE,1723101535
170,harrison,30.4091,-89.0436,28.04,80,0,1.54,US,1723101537
171,ribeira grande,38.5167,-28.7,22.1,78,20,3.58,PT,1723101538
172,revda,56.801,59.9303,14.04,70,100,3.37,RU,1723101539
173,copala,16.65,-98.9833,26.59,88,97,3.48,MX,1723101540
174,ash shamiyah,31.9636,44.599,41.05,16,0,5.14,IQ,1723101541
175,carnarvon,-24.8667,113.6333,20.89,58,3,6.88,AU,1723101543
176,mount pearl,47.5166,-52.7813,14.98,92,75,5.14,CA,1723101546
177,ola,59.5833,151.2833,14.33,82,37,3.4,RU,1723101547
178,avarua,-21.2078,-159.775,21.03,56,0,1.54,CK,1723101548
179,piuma,-20.8378,-40.7219,19.63,71,0,2.19,BR,1723101550
180,lihue,21.9789,-159.3672,24.77,81,20,5.14,US,1723101552
181,porto novo,6.4965,2.6036,24.9,83,100,3.48,BJ,1723101553
182,undurkhaan,47.3194,110.6556,20.43,74,100,2.48,MN,1723101554
183,tangalle,6.024,80.7911,32.5,57,46,7.21,LK,1723101555
184,uturoa,-16.7333,-151.4333,26.08,83,2,1.46,PF,1723101557
185,mogadishu,2.0371,45.3438,26.2,74,100,5.97,SO,1723101558
186,opuwo,-18.0607,13.84,20.95,25,0,1.23,NA,1723101559
187,dakhla,23.6848,-15.958,19.48,90,11,7.51,EH,1723101560
188,kerikeri,-35.2268,173.9474,12.73,92,83,0.89,NZ,1723101562
189,souillac,-20.5167,57.5167,26.86,61,20,4.63,MU,1723101563
190,lebu,-37.6167,-73.65,4.67,85,0,2.14,CL,1723101370
191,choibalsan,48.0667,114.5,27.3,43,100,2.09,MN,1723101566
192,jamestown,42.097,-79.2353,19.18,100,100,3.6,US,1723101507
193,karratha,-20.7377,116.8463,27.77,26,39,1.96,AU,1723101569
194,puerto ayora,-0.7393,-90.3518,19.75,90,87,2.24,EC,1723101570
195,malanje,-9.5402,16.341,20.04,57,79,1.94,AO,1723101572
196,shirdi,19.7667,74.4833,28.95,62,100,6.74,IN,1723101573
197,balatonfured,46.9619,17.8719,22.42,67,98,0.89,HU,1723101574
198,onega,63.9061,38.1404,18.66,48,7,0.6,RU,1723101575
199,susuman,62.7833,148.1667,12.57,74,100,1.8,RU,1723101577
200,itapage,-3.6867,-39.5861,19.48,98,39,1.68,BR,1723101578
201,seaside,36.6111,-121.8516,15.51,96,100,0.89,US,1723101579
202,miri,4.4148,114.0089,31.08,74,40,2.06,MY,1723101580
203,santa eularia des riu,38.9846,1.5341,29.61,60,0,5.14,ES,1723101581
204,la ronge,55.1001,-105.2842,7.14,81,100,1.54,CA,1723101583
205,ujae,8.9322,165.7642,28.68,75,99,3.39,MH,1723101584
206,vanino,49.0869,140.2543,20.4,91,100,0.73,RU,1723101585
207,scottburgh,-30.2867,30.7532,23.21,20,0,2.38,ZA,1723101586
208,fortaleza,-3.7227,-38.5247,25.68,78,40,5.66,BR,1723101300
209,udachny,66.4167,112.4,21.83,60,98,5.77,RU,1723101589
210,gizo,-8.103,156.8419,27.47,79,100,4.46,SB,1723101590
211,egersund,58.4513,5.9997,16.32,80,38,4.0,NO,1723101591
212,saint-pierre,-21.3393,55.4781,25.82,61,0,7.2,RE,1723101593
213,saint-philippe,-21.3585,55.7679,25.77,69,2,3.75,RE,1723101594
214,cabinda,-5.55,12.2,22.28,79,100,3.42,AO,1723101595
215,qaqortoq,60.7167,-46.0333,7.16,93,100,1.33,GL,1723101597
216,haiku-pauwela,20.9219,-156.3051,24.47,85,0,5.14,US,1723101598
217,jayapura,-2.5333,140.7,30.66,88,100,3.73,ID,1723101599
218,yuzhno-kurilsk,44.0306,145.8556,18.67,100,99,1.34,RU,1723101601
219,pyay,18.8167,95.2167,30.25,71,75,3.62,MM,1723101602
220,nuuk,64.1835,-51.7216,4.34,100,100,1.03,GL,1723101603
221,sungjibaegam,41.2428,128.7989,20.66,73,2,0.69,KP,1723101605
222,lamu,-2.2717,40.902,26.17,72,2,6.45,KE,1723101606
223,lapai,9.05,6.5667,23.49,91,94,1.99,NG,1723101608
224,thai binh,20.45,106.3333,34.08,59,2,4.73,VN,1723101609
225,queenstown,-31.8976,26.8753,16.57,26,0,4.01,ZA,1723101612
226,serenje,-13.2325,30.2352,19.85,37,0,4.34,ZM,1723101613
227,bardai,11.65,7.2333,21.54,94,100,6.2,NG,1723101615
228,bobrov,51.0961,40.0333,23.15,53,100,4.58,RU,1723101617
229,sechenovo,55.2244,45.8906,22.9,52,10,2.02,RU,1723101618
230,vicuna,-30.0319,-70.7081,11.29,65,0,0.45,CL,1723101529
231,tolanaro,-25.0319,46.9987,20.04,94,75,5.14,MG,1723101622
232,richards bay,-28.783,32.0377,19.96,54,0,2.73,ZA,1723101624
233,kramfors,62.9316,17.7765,19.89,83,100,4.12,SE,1723101625
234,constantia,44.1833,28.65,27.61,59,1,1.91,RO,1723101626
235,sur,22.5667,59.5289,32.68,60,61,2.97,OM,1723101628
236,georgetown,5.4112,100.3354,32.96,51,20,6.69,MY,1723101353
237,sabanitas,9.3422,-79.8011,25.7,90,100,1.54,PA,1723101630
238,fort mcmurray,56.7268,-111.381,11.73,71,0,0.51,CA,1723101631
239,howrah,22.5892,88.3103,30.0,84,75,4.63,IN,1723101479
240,chonchi,-42.6128,-73.8092,1.73,97,100,0.54,CL,1723101634
241,aripuana,-9.1667,-60.6333,21.72,52,100,1.21,BR,1723101635
242,monrovia,6.3005,-10.7969,23.87,78,100,3.82,LR,1723101636
243,sakaiminato,35.55,133.2333,33.96,62,40,4.63,JP,1723101637
244,pervomayskoye,43.919,46.7102,31.15,32,2,8.1,RU,1723101639
245,kone,-21.0595,164.8658,20.04,69,68,2.56,NC,1723101640
246,kampong chhnang,12.1667,104.55,34.35,53,97,0.3,KH,1723101641
247,mossel bay,-34.1831,22.146,11.96,83,0,0.97,ZA,1723101642
248,atlantis,-33.5667,18.4834,12.75,93,100,5.46,ZA,1723101644
249,al jubayl,27.0112,49.6583,39.07,29,100,6.29,SA,1723101460
250,cartagena,10.3997,-75.5144,25.79,89,20,1.03,CO,1723101637
251,prince george,53.9166,-122.753,13.69,82,40,0.0,CA,1723101649
252,mahina,-17.5065,-149.489,26.87,69,75,4.12,PF,1723101650
253,sete lagoas,-19.4658,-44.2467,17.49,52,100,0.86,BR,1723101583
254,alotau,-10.3069,150.4462,25.49,84,88,2.45,PG,1723101652
255,cold lake,54.4502,-110.2017,8.97,87,20,1.03,CA,1723101654
256,gangneung,37.7556,128.8961,29.31,90,100,1.21,KR,1723101530
257,tesechoacan,18.1333,-95.6667,24.67,95,0,1.87,MX,1723101657
258,nova vicosa,-17.8919,-39.3719,20.56,76,0,2.58,BR,1723101659
259,nuku'alofa,-21.1333,-175.2,21.19,73,20,5.66,TO,1723101660
260,bhimunipatnam,17.8833,83.4333,30.73,47,99,0.99,IN,1723101662
261,motueka,-41.1333,173.0167,12.83,95,77,0.71,NZ,1723101665
262,pionerskiy,54.9508,20.2275,21.91,72,100,3.84,RU,1723101666
263,beaufort,5.3473,115.7455,28.28,89,100,1.26,MY,1723101667
264,papao,-17.75,-149.55,26.82,80,57,6.3,PF,1723101668
265,tsiombe,-25.3,45.4833,25.01,53,0,3.64,MG,1723101669
266,birobidzhan,48.8,132.95,27.54,65,11,0.84,RU,1723101671
267,chifeng,42.2683,118.9636,29.83,46,66,1.94,CN,1723101673
268,suez,29.9737,32.5263,30.58,46,0,2.83,EG,1723101675
269,dalnegorsk,44.5604,135.5701,29.75,48,79,1.02,RU,1723101676
270,happy valley-goose bay,53.3168,-60.3315,12.17,87,75,2.57,CA,1723101677
271,codrington,-38.2667,141.9667,11.79,76,100,9.3,AU,1723101679
272,al qitena,14.8648,32.3668,29.54,59,59,6.74,SD,1723101680
273,tazovsky,67.4667,78.7,13.09,56,79,5.06,RU,1723101682
274,utrik,11.2278,169.8474,28.42,77,1,6.59,MH,1723101683
275,bubaque,11.2833,-15.8333,26.21,83,100,7.02,GW,1723101685
276,vilyuysk,63.7553,121.6247,21.83,35,7,1.28,RU,1723101686
277,walvis bay,-22.9575,14.5053,11.72,78,0,1.81,NA,1723101687
278,lubango,-14.9172,13.4925,20.92,26,0,2.57,AO,1723101689
279,laascaanood,8.4774,47.3597,27.93,51,100,12.72,SO,1723101690
280,hailar,49.2,119.7,25.21,39,18,3.68,CN,1723101691
281,alofi,-19.0595,-169.9187,21.94,64,75,5.14,NU,1723101693
282,taltal,-25.4,-70.4833,13.76,64,0,0.17,CL,1723101694
283,nizhneudinsk,54.9076,99.0276,17.56,88,95,1.71,RU,1723101695
284,pemangkat,1.1667,108.9667,28.75,70,5,5.02,ID,1723101697
285,grande prairie,55.1667,-118.8027,12.1,87,20,3.09,CA,1723101698
286,tam ky,15.5667,108.4833,33.65,55,2,5.21,VN,1723101700
287,raymondville,26.4815,-97.7831,28.48,75,0,5.23,US,1723101701
288,yeppoon,-23.1333,150.7333,21.88,81,1,6.09,AU,1723101702
289,namtsy,62.7161,129.6658,23.35,34,39,1.12,RU,1723101703
290,stepnoye,51.4,46.8667,26.12,50,72,1.15,RU,1723101704
291,hasaki,35.7333,140.8333,32.94,78,0,2.97,JP,1723101706
292,sastobe,42.55,70.0,37.94,10,0,6.82,KZ,1723101707
293,kupang,-10.1667,123.5833,32.32,43,40,9.26,ID,1723101708
294,bulungu,-4.55,18.6,28.9,36,34,2.56,CD,1723101710
295,bom jesus,-9.0744,-44.3586,17.01,59,0,0.68,BR,1723101711
296,bam,29.106,58.357,38.81,7,2,6.27,IR,1723101712
297,campbell river,50.0163,-125.2446,20.25,80,1,3.11,CA,1723101713
298,makhambet,47.6667,51.5833,31.24,35,84,3.97,KZ,1723101717
299,ajdabiya,30.7554,20.2263,30.45,38,0,2.01,LY,1723101720
300,wynyard,-41.0,145.7167,11.75,80,100,6.71,AU,1723101721
301,greenland,43.0362,-70.8328,15.32,80,0,0.0,US,1723101723
302,santiago de cao,-7.9589,-79.2392,16.07,94,100,3.09,PE,1723101724
303,aasiaat,68.7098,-52.8699,3.23,95,100,3.31,GL,1723101726
304,narasannapeta,18.4167,84.05,32.81,58,70,2.51,IN,1723101727
305,tamandare,-8.7597,-35.1047,22.46,86,16,2.07,BR,1723101729
306,port blair,11.6667,92.75,31.02,74,40,4.63,IN,1723101730
307,enewetak,11.3474,162.3373,28.8,75,52,4.34,MH,1723101731
308,borba,-4.3878,-59.5939,22.13,58,93,0.78,BR,1723101733
309,thunder bay,48.4001,-89.3168,15.99,100,100,1.54,CA,1723101534
310,kingston,17.997,-76.7936,28.53,84,20,5.14,JM,1723101699
311,santa cruz,-17.8,-63.1667,18.7,88,75,7.2,BO,1723101720
312,polyarnyy,69.1989,33.4478,17.44,50,53,3.35,RU,1723101737
313,bodaybo,57.8506,114.1933,28.37,40,100,1.0,RU,1723101738
314,sungailiat,-1.85,106.1333,31.55,59,60,5.6,ID,1723101740
315,aitape,-3.1374,142.3475,28.76,76,100,4.28,PG,1723101741
316,andovoranto,-18.95,49.1,23.3,68,79,0.95,MG,1723101742
317,fale old settlement,-9.3852,-171.2468,28.25,75,99,9.34,TK,1723101743
318,bode saadu,8.9333,4.7833,23.37,87,97,3.36,NG,1723101744
319,virpur,23.1833,73.4833,31.23,62,100,5.74,IN,1723101746
320,rongelap,11.1635,166.8941,28.35,78,100,5.34,MH,1723101673
321,remire-montjoly,4.9167,-52.2667,24.02,100,0,0.0,GF,1723101748
322,ilheus,-14.7889,-39.0494,20.95,81,86,2.49,BR,1723101750
323,waimea,20.0231,-155.6717,20.56,94,16,2.68,US,1723101751
324,prienai,54.6333,23.95,22.15,67,48,1.58,LT,1723101752
325,pass christian,30.3158,-89.2475,28.03,74,0,1.54,US,1723101753
326,dompu,-8.5356,118.4622,28.52,63,97,1.65,ID,1723101755
327,rey bouba,8.6724,14.1786,24.84,86,61,1.21,CM,1723101756
328,talcahuano,-36.7167,-73.1167,2.82,100,0,2.06,CL,1723101757
329,imbituba,-28.24,-48.6703,15.26,98,100,1.51,BR,1723101758
330,tirano,46.2154,10.1679,25.73,50,2,0.58,IT,1723101760
331,belyy yar,53.6039,91.3903,24.94,53,20,4.0,RU,1723101761
332,kungur,57.4368,56.9593,16.52,71,77,5.65,RU,1723101762
333,gumdag,39.2061,54.5906,32.45,46,35,7.07,TM,1723101763
334,emerald,-23.5333,148.1667,21.86,50,100,4.0,AU,1723101765
335,joshimath,30.5667,79.5667,21.9,79,86,3.3,IN,1723101766
336,juruti,-2.1522,-56.0922,24.37,72,0,1.68,BR,1723101767
337,vredendal,-31.6683,18.5012,12.76,78,80,3.94,ZA,1723101768
338,priargunsk,50.3691,119.1012,27.71,33,44,1.9,RU,1723101769
339,mana,5.6592,-53.7767,24.56,92,81,3.68,GF,1723101770
340,lazaro cardenas,17.9583,-102.2,27.37,85,100,2.16,MX,1723101772
341,nadi,-17.8,177.4167,24.0,57,40,3.09,FJ,1723101773
342,geraldton,-28.7667,114.6,20.23,64,0,5.14,AU,1723101764
343,mansalay,12.5167,121.4,28.41,71,100,5.87,PH,1723101775
344,revelstoke,50.9832,-118.2023,17.01,67,0,0.0,CA,1723101777
345,lincoln,40.8,-96.667,21.76,93,100,2.06,US,1723101297
346,alice springs,-23.7,133.8833,26.75,21,1,4.63,AU,1723101779
347,dzuunharaa,48.8523,106.4579,23.84,54,100,1.55,MN,1723101780
348,manta,-0.95,-80.7333,22.88,83,75,4.63,EC,1723101782
349,orange city,28.9489,-81.2987,28.97,82,40,5.66,US,1723101783
350,mabaruma,8.2,-59.7833,22.39,100,13,0.39,GY,1723101784
351,cabedelo,-6.9811,-34.8339,20.37,73,0,3.45,BR,1723101785
352,palu,-0.8917,119.8707,28.73,85,87,1.54,ID,1723101786
353,iskateley,67.6803,53.1512,15.98,48,0,2.68,RU,1723101788
354,homer,59.6425,-151.5483,14.32,94,100,2.06,US,1723101789
355,vila franca do campo,37.7167,-25.4333,22.23,89,34,3.03,PT,1723101790
356,guiberoua,6.2392,-6.1727,20.7,93,100,1.67,CI,1723101791
357,chernyshevskiy,63.0128,112.4714,26.78,32,64,2.96,RU,1723101793
358,mbanza kongo,-6.267,14.2401,18.96,75,100,2.97,AO,1723101794
359,nogliki,51.8333,143.1667,12.1,98,100,7.93,RU,1723101795
360,kudahuvadhoo,2.6708,72.8944,27.07,75,100,2.38,MV,1723101799
361,figuig (centre),32.1089,-1.2286,30.25,19,0,0.76,MA,1723101672
362,arno,60.1167,18.6333,18.77,78,100,3.87,SE,1723101801
363,kalmunai,7.4167,81.8167,31.75,60,58,6.19,LK,1723101802
364,bamboo flat,11.7,92.7167,31.05,74,40,4.63,IN,1723101804
365,sason,38.3364,41.413,35.36,20,0,0.58,TR,1723101805
366,feijo,-8.1642,-70.3536,22.11,94,6,1.06,BR,1723101806
367,korla,41.7597,86.1469,28.05,27,3,3.25,CN,1723101807
368,fort bragg,35.139,-79.006,24.91,95,100,7.2,US,1723101809
369,cradock,-32.1642,25.6192,15.09,32,0,4.39,ZA,1723101810
370,dudinka,69.4058,86.1778,17.19,41,2,8.9,RU,1723101812
371,tocopilla,-22.092,-70.1979,15.78,70,0,4.35,CL,1723101813
372,dunedin,-45.8742,170.5036,7.67,83,28,3.58,NZ,1723101796
373,fuglafjordur,62.244,-6.814,10.26,91,14,4.06,FO,1723101816
374,arraial do cabo,-22.9661,-42.0278,21.81,83,0,6.06,BR,1723101817
375,afaahiti,-17.75,-149.2833,25.93,85,39,6.67,PF,1723101818
376,margate,51.3813,1.3862,18.26,67,14,4.09,GB,1723101820
377,banda aceh,5.5577,95.3222,29.4,70,100,2.86,ID,1723101666
378,gazipasa,36.2694,32.3179,30.05,74,40,3.6,TR,1723101822
379,shimanovsk,52.0,127.7,25.74,51,15,0.29,RU,1723101823
380,laguna,38.421,-121.4238,25.91,45,0,5.14,US,1723101824
381,argo,37.6333,22.7333,29.32,41,0,1.28,GR,1723101826
382,tongouson,5.0214,120.1328,28.38,70,77,2.36,PH,1723101828
383,wanganui,-39.9333,175.05,9.5,91,82,1.75,NZ,1723101829
384,chipinge,-20.1883,32.6236,20.34,52,3,0.11,ZW,1723101831
385,ormara,25.2088,64.6357,27.8,86,100,4.86,PK,1723101832
386,lincheng,19.9078,109.6858,33.78,50,6,2.82,CN,1723101833
387,yakeshi,49.2833,120.7333,25.58,40,14,4.76,CN,1723101835
388,isla del bosque,22.7333,-105.85,27.46,85,100,2.02,MX,1723101836
389,yangshuo,24.7808,110.4897,35.15,46,66,2.98,CN,1723101837
390,padang,-0.9492,100.3543,32.03,80,54,4.14,ID,1723101839
391,mar del plata,-38.0023,-57.5575,8.01,93,100,11.83,AR,1723101665
392,mantua,45.1667,10.7833,25.19,91,0,0.89,IT,1723101841
393,freetown,8.484,-13.2299,24.84,88,75,4.63,SL,1723101842
394,oyem,1.5995,11.5793,20.38,87,99,1.69,GA,1723101845
395,starodub,52.5844,32.7633,17.47,81,94,4.14,RU,1723101846
396,anaconda,46.1285,-112.9423,12.55,96,12,1.86,US,1723101847
397,hotan,37.0997,79.9269,33.74,13,79,5.37,CN,1723101848
398,lorengau,-2.0226,147.2712,28.91,74,19,4.13,PG,1723101850
399,kattivakkam,13.2167,80.3167,33.41,71,100,2.63,IN,1723101851
400,meadow lake,34.8014,-106.5436,26.08,43,7,3.01,US,1723101852
401,carahue,-38.7,-73.1667,2.36,97,6,0.44,CL,1723101556
402,socuellamos,39.2858,-2.7921,27.43,38,0,5.3,ES,1723101856
403,sungai raya,0.7,108.9,27.78,80,55,3.57,ID,1723101858
404,ungsang-nodongjagu,42.3578,130.4622,24.95,72,36,1.7,KP,1723101618
405,palikir - national government center,6.9248,158.1611,28.62,72,19,4.16,FM,1723101861
406,bambanglipuro,-7.95,110.2833,28.34,66,23,8.9,ID,1723101862
407,santa ana,33.7456,-117.8678,22.11,89,75,2.57,US,1723101863
408,maba,24.6841,113.5984,37.13,40,49,3.37,CN,1723101864
409,bac lieu,9.285,105.7244,29.75,73,100,5.18,VN,1723101865
410,zag,46.9441,99.165,14.09,68,100,2.25,MN,1723101866
411,morehead city,34.7229,-76.726,27.8,91,100,6.71,US,1723101868
412,cruzeiro do sul,-29.5128,-51.9853,16.95,96,100,1.02,BR,1723101869
413,kyshtovka,56.555,76.6271,19.32,61,18,3.78,RU,1723101872
414,puerto lempira,15.2667,-83.7667,25.89,90,100,4.16,HN,1723101873
415,pereslavl'-zalesskiy,56.7393,38.8563,19.17,78,72,2.64,RU,1723101874
416,zhezqazghan,47.7833,67.7667,38.32,16,40,6.0,KZ,1723101875
417,castillos,-34.1667,-53.8333,6.43,87,0,3.36,UY,1723101877
418,ar rahad,12.7167,30.65,24.9,79,100,4.98,SD,1723101878
419,san vicente de chucuri,6.881,-73.4098,22.65,94,43,1.89,CO,1723101879
420,tura,25.5198,90.2201,28.88,77,79,4.15,IN,1723101880
421,san-pedro,4.7485,-6.6363,22.99,82,100,2.83,CI,1723101882
422,coahuayana de hidalgo,18.7,-103.6583,25.98,85,100,1.45,MX,1723101884
423,shuangjiang,26.1547,109.7138,33.46,46,100,5.8,CN,1723101885
424,zheleznodorozhnyy,55.7503,38.0042,19.64,62,100,2.32,RU,1723101886
425,kailua-kona,19.6406,-155.9956,27.0,84,0,9.77,US,1723101887
426,midland,31.9974,-102.0779,31.03,28,0,2.06,US,1723101866
427,ulladulla,-35.35,150.4667,15.98,74,100,5.69,AU,1723101891
428,zeya,53.75,127.2667,23.13,63,100,3.77,RU,1723101892
429,mili,6.0815,171.735,27.62,73,74,0.78,MH,1723101893
430,kavieng,-2.5744,150.7967,28.88,74,36,4.6,PG,1723101894
431,rio grande,-32.035,-52.0986,12.19,80,72,4.85,BR,1723101895
432,sao tome,0.3365,6.7273,22.02,88,75,2.06,ST,1723101896
433,zaragoza,41.6561,-0.8773,24.14,62,0,5.66,ES,1723101899
434,greymouth,-42.4667,171.2,7.94,86,100,2.64,NZ,1723101900
435,antalaha,-14.9003,50.2788,24.61,58,100,4.32,MG,1723101902
436,portland,45.5234,-122.6762,22.67,69,6,0.89,US,1723101667
437,el granada,37.5027,-122.4694,17.51,88,0,1.54,US,1723101904
438,malabar,-33.9667,151.25,17.62,73,0,5.66,AU,1723101905
439,choma,-16.8065,26.9531,21.13,33,0,3.74,ZM,1723101906
440,nar'yan-mar,67.6713,53.087,15.95,48,0,2.66,RU,1723101908
441,tidjikja,18.5564,-11.4271,29.0,56,100,6.08,MR,1723101909
442,inirida,3.8653,-67.9239,22.47,97,38,0.78,CO,1723101910
443,ilhabela,-23.7781,-45.3581,21.89,54,0,2.59,BR,1723101912
444,island harbour,50.724,-1.2758,18.85,80,58,2.24,GB,1723101913
445,ta`u,-14.2336,-169.5144,25.04,78,100,10.32,AS,1723101914
446,yeniseysk,58.4497,92.1703,23.9,62,63,1.41,RU,1723101916
447,seven pagodas,12.6264,80.1722,33.3,62,100,4.48,IN,1723101917
448,kasongo-lunda,-6.4667,16.8167,25.09,48,99,0.56,CD,1723101918
449,clinton,42.587,-82.9199,19.01,77,100,2.57,US,1723101919
450,tuni,17.35,82.55,33.32,57,86,5.13,IN,1723101921
451,bijapur,16.8333,75.7,26.65,69,100,4.47,IN,1723101922
452,new norfolk,-42.7826,147.0587,14.4,61,100,3.59,AU,1723101923
453,prince rupert,54.3161,-130.3201,13.83,100,20,2.57,CA,1723101926
454,sinazongwe,-17.2614,27.4618,23.21,47,0,5.9,ZM,1723101927
455,kita,13.0349,-9.4895,23.55,91,100,3.45,ML,1723101719
456,puerto deseado,-47.7503,-65.8938,4.24,82,6,8.25,AR,1723101930
457,salinas,36.6777,-121.6555,16.45,96,100,0.0,US,1723101869
458,novyy urgal,51.0736,132.5642,22.14,77,99,2.99,RU,1723101932
459,at taj,24.2049,23.2857,33.78,19,33,7.95,LY,1723101933
460,carinhanha,-14.3047,-43.765,20.97,71,23,2.2,BR,1723101935
461,o barco de valdeorras,42.4164,-6.9901,22.28,76,0,0.92,ES,1723101936
462,kurchatov,51.6601,35.6521,19.23,70,96,4.03,RU,1723101937
463,broken hill,-31.95,141.4333,16.1,40,100,6.17,AU,1723101938
464,alpine,32.835,-116.7664,20.14,83,0,0.0,US,1723101940
465,williams lake,52.1415,-122.1445,19.76,67,0,2.06,CA,1723101941
466,ulysses,37.5814,-101.3552,22.72,78,75,9.77,US,1723101942
467,galliano,29.4422,-90.2992,28.0,82,0,3.1,US,1723101943
468,duba,27.3513,35.6901,32.8,46,7,1.89,SA,1723101667
469,santana,-0.0583,-51.1817,27.1,94,75,2.06,BR,1723101946
470,gornyy,55.1153,83.9059,22.44,70,88,4.07,RU,1723101947
471,khandyga,62.6667,135.6,20.53,51,4,0.64,RU,1723101948
472,centralia,46.7162,-122.9543,17.25,92,75,0.0,US,1723101949
473,berdigestyakh,62.0989,126.6992,22.88,36,3,0.53,RU,1723101951
474,smithers,54.7804,-127.1743,17.18,67,0,0.0,CA,1723101952
475,turpan,42.9333,89.1667,32.4,30,100,2.03,CN,1723101953
476,didwana,27.4,74.5667,27.95,73,100,6.15,IN,1723101954
477,kolonia,50.9333,6.95,19.3,70,0,3.6,DE,1723101956
478,kidal,18.4411,1.4078,28.99,57,100,8.53,ML,1723101957
479,progreso,21.2833,-89.6667,26.09,94,91,2.39,MX,1723101958
480,pursat,12.3333,103.6667,33.37,46,100,1.61,KH,1723101959
481,aur,8.1499,171.1687,28.0,76,86,4.62,MH,1723101961
482,byerazino,53.8391,28.9879,19.07,71,0,2.82,BY,1723101962
483,fairfield glade,36.0004,-84.8863,22.32,96,75,0.0,US,1723101963
484,flying fish cove,-10.4217,105.6791,26.82,78,75,7.2,CX,1723101965
485,gemena,3.25,19.7667,27.88,61,65,1.86,CD,1723101966
486,kimbe,-5.5502,150.1429,27.71,83,86,0.43,PG,1723101969
487,petauke,-14.2426,31.3253,23.04,33,0,3.51,ZM,1723101970
488,carutapera,-1.195,-46.02,24.21,86,27,2.81,BR,1723101971
489,rio gallegos,-51.6226,-69.2181,0.03,86,100,2.06,AR,1723101972
490,champerico,14.3,-91.9167,26.91,83,99,2.75,GT,1723101973
491,fisterra,42.9049,-9.2629,20.01,82,4,8.37,ES,1723101974
492,lata,40.1629,-8.3327,17.26,89,72,0.64,PT,1723101977
493,colonel hill,22.7667,-74.2167,28.04,79,100,7.48,BS,1723101978
494,yazman,29.1212,71.7446,35.11,48,100,4.71,PK,1723101980
495,kencong,-8.2833,113.3667,29.43,62,75,6.22,ID,1723101981
496,lospalos,-8.5186,127.0025,24.78,66,51,6.48,TL,1723101975
497,muchkapskiy,51.8513,42.4717,23.01,58,98,2.68,RU,1723101985
498,ust-tsilma,65.441,52.1498,20.72,39,3,1.91,RU,1723101986
499,whitecourt,54.1502,-115.6855,10.74,92,74,0.35,CA,1723101989
500,taounate,34.5,-4.8333,25.21,51,4,1.44,MA,1723101990
501,bezenchuk,52.982,49.4333,26.88,41,1,2.33,RU,1723101900
502,derzhavinsk,51.1,66.3167,26.71,52,100,0.54,KZ,1723101993
503,kardla,58.9978,22.7492,21.7,60,0,3.09,EE,1723101994
504,namibe,-15.1961,12.1522,16.15,82,9,3.06,AO,1723101995
505,blythe,33.6103,-114.5964,35.25,38,0,6.17,US,1723101997
506,quellon,-43.1167,-73.6167,5.09,88,100,1.46,CL,1723101999
507,nagina,29.45,78.45,31.93,64,20,6.74,IN,1723102001
508,manismata,-2.4667,111.0333,31.47,57,93,3.57,ID,1723102002
509,arkalyk,50.2486,66.9114,28.94,40,100,3.92,KZ,1723102003
510,zaozersk,69.4005,32.4476,18.92,47,56,3.68,RU,1723102004
511,guerrero negro,27.9769,-114.0611,22.11,73,0,4.39,MX,1723102005
512,alaghsas,17.0187,8.0168,26.94,78,40,5.66,NE,1723102007
513,anori,-3.7728,-61.6442,23.07,60,5,0.89,BR,1723102008
514,northam,51.0333,-4.2167,17.01,96,100,7.69,GB,1723102009
515,vodnyy,63.5046,53.4095,20.09,39,1,1.98,RU,1723102010
516,port hedland,-20.3167,118.5667,30.03,15,100,5.14,AU,1723102012
517,praia da vitoria,38.7333,-27.0667,23.14,83,75,2.28,PT,1723101878
518,santa isabel,-23.3156,-46.2214,15.61,57,0,1.01,BR,1723102014
519,soio,-6.1349,12.3689,21.88,82,100,3.65,AO,1723102015
520,greenville,35.6127,-77.3663,26.09,99,100,5.66,US,1723102017
521,ishigaki,24.3448,124.1572,31.07,84,75,3.6,JP,1723101876
522,vegreville,53.5001,-112.0518,11.3,89,29,3.09,CA,1723101973
523,tambopata,-12.7333,-69.1833,23.71,75,46,1.07,PE,1723102020
524,kirensk,57.7853,108.1119,23.97,52,99,3.96,RU,1723102021
525,pangody,65.85,74.4859,15.17,52,59,4.99,RU,1723102023
526,flin flon,54.7682,-101.865,11.6,59,100,2.99,CA,1723102024
527,saint-francois,46.4154,3.9054,18.69,82,0,0.51,FR,1723102026
528,sirte,31.2089,16.5887,29.45,60,0,5.87,LY,1723101812
529,rtishchevo,52.2604,43.7874,24.83,50,94,1.6,RU,1723102030
530,sarupathar,26.1984,93.8094,32.12,80,100,0.75,IN,1723102031
531,cidade velha,14.9167,-23.6167,24.26,83,40,5.66,CV,1723102032
532,gordonvale,-17.0936,145.7842,24.41,81,27,2.71,AU,1723102034
533,eisen,36.8217,128.6308,27.66,82,100,2.22,KR,1723102036
534,mako,46.2167,20.4833,27.41,33,5,1.77,HU,1723102037
535,malpe,13.35,74.7167,26.61,88,100,0.62,IN,1723102038
536,west bay,19.3667,-81.4167,26.14,96,100,3.23,KY,1723102040
537,christchurch,-43.5333,172.6333,9.11,90,75,10.8,NZ,1723101426
538,port shepstone,-30.7414,30.455,22.19,24,0,3.17,ZA,1723102042
539,edson,53.5835,-116.4356,8.08,93,0,1.54,CA,1723102043
540,nieuw amsterdam,5.8833,-55.0833,25.09,92,52,2.73,SR,1723102044
541,la romana,18.4273,-68.9728,25.42,87,1,2.14,DO,1723102046
542,whakatane,-37.9585,176.9854,13.62,95,100,4.48,NZ,1723102047
543,sampit,-2.5333,112.95,29.7,68,100,2.25,ID,1723102050
544,abaza,52.655,90.0928,23.65,54,99,0.62,RU,1723102051
545,qarshi,38.8667,65.8,37.9,20,0,2.06,UZ,1723101986
546,kourou,5.1552,-52.6478,24.03,94,28,2.29,GF,1723102053
547,san juan,-31.5375,-68.5364,3.25,81,66,4.28,AR,1723101914
548,thinadhoo,0.5333,72.9333,26.44,78,100,5.01,MV,1723102056
549,alpena,45.0617,-83.4327,16.73,97,0,0.0,US,1723102057
550,libreville,0.3925,9.4537,24.01,83,75,3.09,GA,1723102058
551,richfield,44.8833,-93.283,19.76,89,100,2.06,US,1723102021
552,kulhudhuffushi,6.6221,73.07,28.36,73,57,6.06,MV,1723102061
553,barcelos,41.5388,-8.6151,22.18,79,1,0.9,PT,1723102062
554,malango,-2.9627,119.9001,24.27,73,89,1.9,ID,1723102063
555,rapid city,44.0805,-103.231,14.94,86,100,4.63,US,1723102064
556,nantucket,41.2835,-70.0995,17.06,91,20,2.57,US,1723102015
